Fund Custody Code / SARA code;CashFlow Type Id;CashFlow Type Description;Account Currency(ISO);Confirmed Amount Local ccy;Confirmed Amount Fund ccy;Projected Amount Local ccy;Projected Amount Fund ccy;Trade Date;Creation Date;Settlement Date;ReportDate;MF code;Fund Manager Identifier;Fund Administration Code;Fund name;External Fund Reference
10;TA;SHS Net Inflow/Outflow;EUR;-42196.04;-42196.04;0;0;05/07/2016;06/07/2016;07/07/2016;06/07/2016;DB8812;Z8719429;LCA;CHALLENGE NORTH AMERICAN EQUITY L FUND A RETAIL CLASS;DB8812Z8719429
12;TA;SHS Net Inflow/Outflow;EUR;160662.13;160662.13;0;0;05/07/2016;06/07/2016;07/07/2016;06/07/2016;DB8813;Z8719429;LCA;CHALLENGE EUROPEAN EQUITY L FUND A RETAIL CLASS;DB8813Z8719429
14;TA;SHS Net Inflow/Outflow;EUR;-12516.52;-12516.52;0;0;05/07/2016;06/07/2016;07/07/2016;06/07/2016;DB8814;Z8719429;LCA;CHALLENGE PACIFIC EQUITY L FUND A RETAIL CLASS;DB8814Z8719429
16;TA;SHS Net Inflow/Outflow;EUR;124739.89;124739.89;0;0;05/07/2016;06/07/2016;07/07/2016;06/07/2016;DB8815;Z8719429;LCA;CHALLENGE ITALIAN EQUITY L FUND A RETAIL CLASS;DB8815Z8997924
18;TA;SHS Net Inflow/Outflow;EUR;25554.6;25554.6;0;0;05/07/2016;06/07/2016;07/07/2016;06/07/2016;DB8816;Z8719429;LCA;CHALLENGE EMERGING MARKETS EQUITY L FUND A RETAIL CLASS;DB8816Z8719429
22;TA;SHS Net Inflow/Outflow;EUR;4490.8;4490.8;0;0;05/07/2016;06/07/2016;07/07/2016;06/07/2016;DB8818;Z8719429;LCA;CHALLENGE EUROPEAN BOND L FUND A RETAIL CLASS;DB8818Z9397076
23;TA;SHS Net Inflow/Outflow;EUR;29970;29970;0;0;05/07/2016;06/07/2016;07/07/2016;06/07/2016;DB8818;Z8719429;LDI;CHALLENGE EUROPEAN BOND L FUND B RETAIL CLASS;DB8818Z9397076
24;TA;SHS Net Inflow/Outflow;EUR;112296.79;112296.79;0;0;05/07/2016;06/07/2016;07/07/2016;06/07/2016;DB8819;Z8719429;LCA;CHALLENGE LIQUIDITY EURO L FUND A RETAIL CLASS;DB8819Z8719429
26;TA;SHS Net Inflow/Outflow;EUR;-13701.83;-13701.83;0;0;05/07/2016;06/07/2016;07/07/2016;06/07/2016;DB8820;Z8719429;LCA;CHALLENGE EUROPEAN INCOME L FUND A RETAIL CLASS;DB8820Z9397076
27;TA;SHS Net Inflow/Outflow;EUR;-5441.58;-5441.58;0;0;05/07/2016;06/07/2016;07/07/2016;06/07/2016;DB8820;Z8719429;LDI;CHALLENGE EUROPEAN INCOME L FUND B RETAIL CLASS;DB8820Z9397076
28;TA;SHS Net Inflow/Outflow;EUR;-374843;-374843;0;0;05/07/2016;06/07/2016;07/07/2016;06/07/2016;DB5199;Z8719429;LHC;CHALLENGE INTERNATIONAL INCOME  HEDGED L FUND A RETAIL CLASS;DB5199Z9397076
30;TA;SHS Net Inflow/Outflow;EUR;18488.16;18488.16;0;0;05/07/2016;06/07/2016;07/07/2016;06/07/2016;DB5200;Z8719429;LHC;CHALLENGE INTERNATIONAL BOND HEDGED L FUND A RETAIL CLASS;DB5200Z9397076
32;TA;SHS Net Inflow/Outflow;EUR;-18184.47;-18184.47;0;0;05/07/2016;06/07/2016;07/07/2016;06/07/2016;DB3014;Z8719429;LCA;US COLLECTION L FD A;DB3014Z8719429
33;TA;SHS Net Inflow/Outflow;EUR;212291.34;212291.34;0;0;05/07/2016;06/07/2016;07/07/2016;06/07/2016;DB3018;Z8719429;LCA;EUROPEAN COLLECTION L FD A;DB3018Z8719429
34;TA;SHS Net Inflow/Outflow;EUR;-19749.6;-19749.6;0;0;05/07/2016;06/07/2016;07/07/2016;06/07/2016;DB3017;Z8719429;LCA;PACIFIC COLLECTION L FD A;DB3017Z8719429
35;TA;SHS Net Inflow/Outflow;EUR;-23996.53;-23996.53;0;0;05/07/2016;06/07/2016;07/07/2016;06/07/2016;DB3019;Z8719429;LCA;EMERGING MARKETS COLLECTION L FD A;DB3019Z8719429
38;TA;SHS Net Inflow/Outflow;EUR;-7534.78;-7534.78;0;0;05/07/2016;06/07/2016;07/07/2016;06/07/2016;DB3015;Z8719429;LCA;GLOBAL HIGH YIELD L FD A;DB3015Z8719429
39;TA;SHS Net Inflow/Outflow;EUR;-79032.53;-79032.53;0;0;05/07/2016;06/07/2016;07/07/2016;06/07/2016;DB3015;Z8719429;LDI;GLOBAL HIGH YIELD L FD B;DB3015Z8719429
40;TA;SHS Net Inflow/Outflow;EUR;9669.22;9669.22;0;0;05/07/2016;06/07/2016;07/07/2016;06/07/2016;DB3020;Z8719429;L;GLOBAL TECH COLLECTION L FD A;DB3020Z8719429
43;TA;SHS Net Inflow/Outflow;EUR;22406.13;22406.13;0;0;05/07/2016;06/07/2016;07/07/2016;06/07/2016;DB3896;Z8719429;LCA;CHALLENGE GERMAN EQUITY L FUND A RETAIL CLASS;DB3896Z8714205
45;TA;SHS Net Inflow/Outflow;EUR;20885.17;20885.17;0;0;05/07/2016;06/07/2016;07/07/2016;06/07/2016;DB3888;Z8719429;LCA;CHALLENGE ENERGY EQUITY L FUND A RETAIL CLASS;DB3888Z8719429
46;TA;SHS Net Inflow/Outflow;EUR;44037.55;44037.55;0;0;05/07/2016;06/07/2016;07/07/2016;06/07/2016;DB3789;Z8719429;LCA;CHALLENGE CYCLICAL EQUITY L FUND A RETAIL CLASS;DB3789Z8719429
49;TA;SHS Net Inflow/Outflow;EUR;45015.54;45015.54;0;0;05/07/2016;06/07/2016;07/07/2016;06/07/2016;DB3784;Z8719429;LCA;CHALLENGE COUNTER CYCLICAL EQUITY L FUND A RETAIL CLASS;DB3784Z8719429
52;TA;SHS Net Inflow/Outflow;EUR;15614.58;15614.58;0;0;05/07/2016;06/07/2016;07/07/2016;06/07/2016;DB3785;Z8719429;LCA;CHALLENGE TECHNOLOGY EQUITY L FUND A RETAIL CLASS;DB3785Z8719429
53;TA;SHS Net Inflow/Outflow;EUR;70632.92;70632.92;0;0;05/07/2016;06/07/2016;07/07/2016;06/07/2016;DB3890;Z8719429;LCA;CHALLENGE LIQUIDITY US DOLLAR L FUND A RETAIL CLASS;DB3890Z9397076
60;TA;SHS Net Inflow/Outflow;EUR;151548.78;151548.78;0;0;05/07/2016;06/07/2016;07/07/2016;06/07/2016;DB3787;Z8719429;LCA;CHALLENGE FINANCIAL EQUITY L FUND A RETAIL CLASS;DB3787Z8719429
65;TA;SHS Net Inflow/Outflow;EUR;2029.34;2029.34;0;0;05/07/2016;06/07/2016;07/07/2016;06/07/2016;DB4223;Z8719429;LCA;CHALLENGE INTERNATIONAL EQUITY L FUND A RETAIL CLASS;DB4223Z8719429
66;TA;SHS Net Inflow/Outflow;EUR;32044.77;32044.77;0;0;05/07/2016;06/07/2016;07/07/2016;06/07/2016;DB4221;Z8719429;LCA;CHALLENGE SPAIN EQUITY L FUND A RETAIL FUND;DB4221Z5965004
72;TA;SHS Net Inflow/Outflow;EUR;-20951.64;-20951.64;0;0;05/07/2016;06/07/2016;07/07/2016;06/07/2016;DB2374;Z8719429;LCA;CHALLENGE FLEXIBLE FUND L CLASS;DB2374Z8719429
75;TA;SHS Net Inflow/Outflow;EUR;76137.42;76137.42;0;0;05/07/2016;06/07/2016;07/07/2016;06/07/2016;DB8824;Z8719429;PD;MEDIOLANUM CHALLENGE PROVIDENT FUND 1 P;DB8824Z5987475
76;TA;SHS Net Inflow/Outflow;EUR;-20847.35;-20847.35;0;0;05/07/2016;06/07/2016;07/07/2016;06/07/2016;DB8825;Z8719429;PD;MEDIOLANUM CHALLENGE PROVIDENT FUND 2 P;DB8825Z5987475
77;TA;SHS Net Inflow/Outflow;EUR;-105909.51;-105909.51;0;0;05/07/2016;06/07/2016;07/07/2016;06/07/2016;DB8826;Z8719429;PD;MEDIOLANUM CHALLENGE PROVIDENT FUND 3 P;DB8826Z5987475
78;TA;SHS Net Inflow/Outflow;EUR;-58657.92;-58657.92;0;0;05/07/2016;06/07/2016;07/07/2016;06/07/2016;DB8827;Z8719429;PD;MEDIOLANUM CHALLENGE PROVIDENT FUND 4 P;DB8827Z5987475
79;TA;SHS Net Inflow/Outflow;EUR;-22144.12;-22144.12;0;0;05/07/2016;06/07/2016;07/07/2016;06/07/2016;DB8828;Z8719429;PD;MEDIOLANUM CHALLENGE PROVIDENT FUND 5 P;DB8828Z5987475
80;TA;SHS Net Inflow/Outflow;EUR;-26907.88;-26907.88;0;0;05/07/2016;06/07/2016;07/07/2016;06/07/2016;DB8812;Z8719429;LHC;CHALLENGE North American Equity Fund L Hedged;DB8812Z8719429
81;TA;SHS Net Inflow/Outflow;EUR;12593.59;12593.59;0;0;05/07/2016;06/07/2016;07/07/2016;06/07/2016;DB8813;Z8719429;LHC;CHALLENGE European Equity Fund L Hedged;DB8813Z8719429
82;TA;SHS Net Inflow/Outflow;EUR;26278.61;26278.61;0;0;05/07/2016;06/07/2016;07/07/2016;06/07/2016;DB8814;Z8719429;LHC;CHALLENGE Pacific Equity Fund L Hedged;DB8814Z8719429
83;TA;SHS Net Inflow/Outflow;EUR;7194.71;7194.71;0;0;05/07/2016;06/07/2016;07/07/2016;06/07/2016;DB5199;Z8719429;LCA;CHALLENGE INTERNATIONAL INCOME FUND L  A UNITS;DB5199Z9397076
85;TA;SHS Net Inflow/Outflow;EUR;41477.96;41477.96;0;0;05/07/2016;06/07/2016;07/07/2016;06/07/2016;DB5200;Z8719429;LCA;CHALLENGE International Bond Fund L - A Units;DB5200Z9397076
87;TA;SHS Net Inflow/Outflow;EUR;10216;10216;0;0;05/07/2016;06/07/2016;07/07/2016;06/07/2016;DB4223;Z8719429;LHC;CHALLENGE International Equity Fund L Hedged;DB4223Z8719429
90;TA;SHS Net Inflow/Outflow;EUR;465114.96;465114.96;0;0;05/07/2016;06/07/2016;07/07/2016;06/07/2016;DB4213;Z8719429;LCA;EURO FIXED INCOME L FD A;DB4213Z8942010
91;TA;SHS Net Inflow/Outflow;EUR;116813.71;116813.71;0;0;05/07/2016;06/07/2016;07/07/2016;06/07/2016;DB4213;Z8719429;LDI;EURO FIXED INCOME L FD B;DB4213Z8942010
92;TA;SHS Net Inflow/Outflow;EUR;-77445.59;-77445.59;0;0;05/07/2016;06/07/2016;07/07/2016;06/07/2016;DB4210;Z8719429;LCA;DYNAMIC COLLECTION L FD A;DB4210Z8719429
93;TA;SHS Net Inflow/Outflow;EUR;16658.51;16658.51;0;0;05/07/2016;06/07/2016;07/07/2016;06/07/2016;DB4211;Z8719429;LCA;EQUITY POWER COUPONCOLLECTION L FD A;DB4211Z8719429
95;TA;SHS Net Inflow/Outflow;EUR;123582.13;123582.13;0;0;05/07/2016;06/07/2016;07/07/2016;06/07/2016;DB5033;Z8719429;LCA;JP MORGAN GLOBAL SELECTION L FD A;DB5033Z8719429
96;TA;SHS Net Inflow/Outflow;EUR;206912.87;206912.87;0;0;05/07/2016;06/07/2016;07/07/2016;06/07/2016;DB5034;Z8719429;LCA;MORGAN STANLEY GLOBAL SELECTION L FD A;DB5034Z8719429
97;TA;SHS Net Inflow/Outflow;EUR;57224.83;57224.83;0;0;05/07/2016;06/07/2016;07/07/2016;06/07/2016;DB5032;Z8719429;LCA;BLACKROCK GLOBAL SELECTION L FD A;DB5032Z8719429
98;TA;SHS Net Inflow/Outflow;EUR;-20178.53;-20178.53;0;0;05/07/2016;06/07/2016;07/07/2016;06/07/2016;DB5108;Z8719429;LCA;PREMIUM COUPON TION COLLEC L FD A;DB5108Z8719429
101;TA;SHS Net Inflow/Outflow;EUR;-7545;-7545;0;0;05/07/2016;06/07/2016;07/07/2016;06/07/2016;DB2334;Z8719429;SCA;MEDIOLANUM ACTIVE 80 FUND;DB2334Z8719429
102;TA;SHS Net Inflow/Outflow;EUR;-47415.55;-47415.55;0;0;05/07/2016;06/07/2016;07/07/2016;06/07/2016;DB2333;Z8719429;SCA;MEDIOLANUM ACTIVE 40 FUND;DB2333Z8719429
10S;TA;SHS Net Inflow/Outflow;EUR;-7348.02;-7348.02;0;0;05/07/2016;06/07/2016;07/07/2016;06/07/2016;DB8812;Z8719429;SCA;CHALLENGE NORTH AMERICA EQUITY S FUND A RETAIL CLASS;DB8812Z8719429
110;TA;SHS Net Inflow/Outflow;EUR;7455;7455;0;0;05/07/2016;06/07/2016;07/07/2016;06/07/2016;DB2330;Z8719429;SHC;MEDIOLANUM AGRESSIVE PLUS SH A UNITS;DB2330Z8719429
115;TA;SHS Net Inflow/Outflow;EUR;-2050;-2050;0;0;05/07/2016;06/07/2016;07/07/2016;06/07/2016;DB2326;Z8719429;SA;MEDIOLANUM LIQUIDITY CLASS SA - A UNITS;DB2326Z8719429
118;TA;SHS Net Inflow/Outflow;EUR;-12913.98;-12913.98;0;0;05/07/2016;06/07/2016;07/07/2016;06/07/2016;DB5355;Z8719429;LCA;FRANKLIN TEMPLETON EMERGING MARKETS SELECTION L;DB5355Z8719429
119;TA;SHS Net Inflow/Outflow;EUR;2960;2960;0;0;05/07/2016;06/07/2016;07/07/2016;06/07/2016;DB5355;Z8719429;SCA;FRANKLIN TEMPLETON EMERGING MARKETS SELECTION S;DB5355Z8719429
120;TA;SHS Net Inflow/Outflow;EUR;-48012.12;-48012.12;0;0;05/07/2016;06/07/2016;07/07/2016;06/07/2016;DB5356;Z8719429;LCA;PIMCO INFLATION STRATEGY SELECTION L;DB5356Z5970552
121;TA;SHS Net Inflow/Outflow;EUR;-199308.07;-199308.07;0;0;05/07/2016;06/07/2016;07/07/2016;06/07/2016;DB5356;Z8719429;SCA;PIMCO INFLATION STRATEGY SELECTION S;DB5356Z5970552
122;TA;SHS Net Inflow/Outflow;EUR;18906.41;18906.41;0;0;05/07/2016;06/07/2016;07/07/2016;06/07/2016;DB5357;Z8719429;LCA;DWS MEGATREND SELECTION L;DB5357Z8719429
123;TA;SHS Net Inflow/Outflow;EUR;-4209.01;-4209.01;0;0;05/07/2016;06/07/2016;07/07/2016;06/07/2016;DB5357;Z8719429;LHC;DWS MEGATREND SELECTION L HEDGED;DB5357Z8719429
124;TA;SHS Net Inflow/Outflow;EUR;-32919.64;-32919.64;0;0;05/07/2016;06/07/2016;07/07/2016;06/07/2016;DB5357;Z8719429;SCA;DWS MEGATREND SELECTION S;DB5357Z8719429
125;TA;SHS Net Inflow/Outflow;EUR;37090.01;37090.01;0;0;05/07/2016;06/07/2016;07/07/2016;06/07/2016;DB5357;Z8719429;SHC;DWS MEGATREND SELECTION S HEDGED;DB5357Z8719429
126;TA;SHS Net Inflow/Outflow;EUR;3297.15;3297.15;0;0;05/07/2016;06/07/2016;07/07/2016;06/07/2016;DB5434;Z8719429;LCA;COUPON STRATEGY COLLECTION L A EUR;DB5434Z8719429
127;TA;SHS Net Inflow/Outflow;EUR;-33262.17;-33262.17;0;0;05/07/2016;06/07/2016;07/07/2016;06/07/2016;DB5434;Z8719429;LHC;COUPON STRATEGY COLLECTION L A HDGD EUR;DB5434Z8719429
128;TA;SHS Net Inflow/Outflow;EUR;3074.94;3074.94;0;0;05/07/2016;06/07/2016;07/07/2016;06/07/2016;DB5434;Z8719429;SCA;COUPON STRATEGY COLLECTION S A EUR;DB5434Z8719429
129;TA;SHS Net Inflow/Outflow;EUR;74224.22;74224.22;0;0;05/07/2016;06/07/2016;07/07/2016;06/07/2016;DB5434;Z8719429;SHC;COUPON STRATEGY COLLECTION S  A HDGD EUR;DB5434Z8719429
12S;TA;SHS Net Inflow/Outflow;EUR;72769.67;72769.67;0;0;05/07/2016;06/07/2016;07/07/2016;06/07/2016;DB8813;Z8719429;SCA;CHALLENGE EUROPEAN EQUITY S FUND A RETAIL CLASS;DB8813Z8719429
130;TA;SHS Net Inflow/Outflow;EUR;141418.31;141418.31;0;0;05/07/2016;06/07/2016;07/07/2016;06/07/2016;DB5434;Z8719429;LDI;COUPON STRATEGY COLLECTION L B EUR;DB5434Z8719429
131;TA;SHS Net Inflow/Outflow;EUR;238394.2;238394.2;0;0;05/07/2016;06/07/2016;07/07/2016;06/07/2016;DB5434;Z8719429;LHD;COUPON STRATEGY COLLECTION L B HDGD EUR;DB5434Z8719429
132;TA;SHS Net Inflow/Outflow;EUR;340962.1;340962.1;0;0;05/07/2016;06/07/2016;07/07/2016;06/07/2016;DB5434;Z8719429;SDI;COUPON STRATEGY COLLECTION S B EUR;DB5434Z8719429
133;TA;SHS Net Inflow/Outflow;EUR;135000.77;135000.77;0;0;05/07/2016;06/07/2016;07/07/2016;06/07/2016;DB5434;Z8719429;SHD;COUPON STRATEGY COLLECTION S  B HDGD EUR;DB5434Z8719429
134;TA;SHS Net Inflow/Outflow;EUR;-75050.9;-75050.9;0;0;05/07/2016;06/07/2016;07/07/2016;06/07/2016;DB2381;Z8719429;LCA;NEW OPPORTUNITIES COLLECTION L EUR;DB2381 Z8719429
135;TA;SHS Net Inflow/Outflow;EUR;-3145.71;-3145.71;0;0;05/07/2016;06/07/2016;07/07/2016;06/07/2016;DB2381;Z8719429;LHC;NEW OPPORTUNITIES COLLECTION L HEDGED EUR;DB2381 Z8719429
136;TA;SHS Net Inflow/Outflow;EUR;-56535.31;-56535.31;0;0;05/07/2016;06/07/2016;07/07/2016;06/07/2016;DB2381;Z8719429;SCA;NEW OPPORTUNITIES COLLECTION S EUR;DB2381 Z8719429
137;TA;SHS Net Inflow/Outflow;EUR;27613.24;27613.24;0;0;05/07/2016;06/07/2016;07/07/2016;06/07/2016;DB2381;Z8719429;SHC;NEW OPPORTUNITIES COLLECTION S HEDGED EUR;DB2381 Z8719429
144;TA;SHS Net Inflow/Outflow;EUR;3089.8;3089.8;0;0;05/07/2016;06/07/2016;07/07/2016;06/07/2016;DB2015;Z8719429;LCA;INFRASTRUCTURE OPPORTUNITY COLLECT L (A) EUR;DB2015Z8719429
145;TA;SHS Net Inflow/Outflow;EUR;13246.16;13246.16;0;0;05/07/2016;06/07/2016;07/07/2016;06/07/2016;DB2015;Z8719429;LDI;INFRASTRUCTURE OPPORTUNITY COLLECT L (B )EUR;DB2015Z8719429
146;TA;SHS Net Inflow/Outflow;EUR;3145.98;3145.98;0;0;05/07/2016;06/07/2016;07/07/2016;06/07/2016;DB2015;Z8719429;LHC;INFRASTRUCTURE OPPORTUNITY COLLECT L HDGD (A) EUR;DB2015Z8719429
147;TA;SHS Net Inflow/Outflow;EUR;-40406.05;-40406.05;0;0;05/07/2016;06/07/2016;07/07/2016;06/07/2016;DB2015;Z8719429;LHD;INFRASTRUCTURE OPPORTUNITY COLLECT L HDGD (B) EUR;DB2015Z8719429
148;TA;SHS Net Inflow/Outflow;EUR;-60009.11;-60009.11;0;0;05/07/2016;06/07/2016;07/07/2016;06/07/2016;DB2015;Z8719429;SCA;INFRASTRUCTURE OPPORTUNITY COLLECT S (A) EUR;DB2015Z8719429
149;TA;SHS Net Inflow/Outflow;EUR;-5023.23;-5023.23;0;0;05/07/2016;06/07/2016;07/07/2016;06/07/2016;DB2015;Z8719429;SDI;INFRASTRUCTURE OPPORTUNITY COLLECT S(B)EUR;DB2015Z8719429
14S;TA;SHS Net Inflow/Outflow;EUR;-7568.47;-7568.47;0;0;05/07/2016;06/07/2016;07/07/2016;06/07/2016;DB8814;Z8719429;SCA;CHALLENGE PACIFIC EQUITY S FUND A RETAIL CLASS;DB8814Z8719429
150;TA;SHS Net Inflow/Outflow;EUR;18135.49;18135.49;0;0;05/07/2016;06/07/2016;07/07/2016;06/07/2016;DB2015;Z8719429;SHC;INFRASTRUCTURE OPPORTUNITY COLLECT S HDGD (A) EUR;DB2015Z8719429
151;TA;SHS Net Inflow/Outflow;EUR;16919.28;16919.28;0;0;05/07/2016;06/07/2016;07/07/2016;06/07/2016;DB2015;Z8719429;SHD;INFRASTRUCTURE OPPORTUNITY COLLECT S HDGD (B) EUR;DB2015Z8719429
152;TA;SHS Net Inflow/Outflow;EUR;475.76;475.76;0;0;05/07/2016;06/07/2016;07/07/2016;06/07/2016;DB2016;Z8719429;LCA;CONVERTIBLE STRATEGY COLLECTION L (A) EUR;DB2016Z8719429
153;TA;SHS Net Inflow/Outflow;EUR;10633.91;10633.91;0;0;05/07/2016;06/07/2016;07/07/2016;06/07/2016;DB2016;Z8719429;LDI;CONVERTIBLE STRATEGY COLLECTION L (B) EUR;DB2016Z8719429
154;TA;SHS Net Inflow/Outflow;EUR;1103.27;1103.27;0;0;05/07/2016;06/07/2016;07/07/2016;06/07/2016;DB2016;Z8719429;LHC;CONVERTIBLE STRATEGY COLLECTION  L HDGD (A) EUR;DB2016Z8719429
155;TA;SHS Net Inflow/Outflow;EUR;-18572.21;-18572.21;0;0;05/07/2016;06/07/2016;07/07/2016;06/07/2016;DB2016;Z8719429;LHD;CONVERTIBLE STRATEGY COLLECTION L HDGD (B) EUR;DB2016Z8719429
156;TA;SHS Net Inflow/Outflow;EUR;-22745.92;-22745.92;0;0;05/07/2016;06/07/2016;07/07/2016;06/07/2016;DB2016;Z8719429;SCA;CONVERTIBLE STRATEGY COLLECTION S (A) EUR;DB2016Z8719429
157;TA;SHS Net Inflow/Outflow;EUR;55232.34;55232.34;0;0;05/07/2016;06/07/2016;07/07/2016;06/07/2016;DB2016;Z8719429;SDI;CONVERTIBLE STRATEGY COLLECTION S (B) EUR;DB2016Z8719429
158;TA;SHS Net Inflow/Outflow;EUR;49863.38;49863.38;0;0;05/07/2016;06/07/2016;07/07/2016;06/07/2016;DB2016;Z8719429;SHC;CONVERTIBLE STRATEGY COLLECTION S HDGD (A) EUR;DB2016Z8719429
159;TA;SHS Net Inflow/Outflow;EUR;84173.55;84173.55;0;0;05/07/2016;06/07/2016;07/07/2016;06/07/2016;DB2016;Z8719429;SHD;CONVERTIBLE STRATEGY COLLECTION S HDGD (B) EUR;DB2016Z8719429
160;TA;SHS Net Inflow/Outflow;EUR;-126535.32;-126535.32;0;0;05/07/2016;06/07/2016;07/07/2016;06/07/2016;DB2017;Z8719429;LCA;MEDIOLANUM CARMIGNAC STRATEGIC SELECTION L (A) EUR;DB2017Z8719429
161;TA;SHS Net Inflow/Outflow;EUR;-373368.72;-373368.72;0;0;05/07/2016;06/07/2016;07/07/2016;06/07/2016;DB2017;Z8719429;SCA;MEDIOLANUM CARMIGNAC STRATEGIC SELECTION S (A) EUR;DB2017Z8719429
162;TA;SHS Net Inflow/Outflow;EUR;-63696.25;-63696.25;0;0;05/07/2016;06/07/2016;07/07/2016;06/07/2016;DB2018;Z8719429;LCA;MEDIOLANUM INVESCO BALANCED RISK CPN SELCT L (A) EUR;DB2017Z8719429
163;TA;SHS Net Inflow/Outflow;EUR;68344.5;68344.5;0;0;05/07/2016;06/07/2016;07/07/2016;06/07/2016;DB2018;Z8719429;LDI;MEDIOLANUM INVESCO BALANCED RISK CPN SELCT L (B) EUR;DB2017Z8719429
164;TA;SHS Net Inflow/Outflow;EUR;44187.12;44187.12;0;0;05/07/2016;06/07/2016;07/07/2016;06/07/2016;DB2018;Z8719429;SCA;MEDIOLANUM INVESCO BALANCED RISK CPN SELCT S (A) EUR;DB2017Z8719429
165;TA;SHS Net Inflow/Outflow;EUR;-302621.92;-302621.92;0;0;05/07/2016;06/07/2016;07/07/2016;06/07/2016;DB2018;Z8719429;SDI;MEDIOLANUM INVESCO BALANCED RISK CPN SELCT S (B) EUR;DB2017Z8719429
166;TA;SHS Net Inflow/Outflow;EUR;-44910.6;-44910.6;0;0;05/07/2016;06/07/2016;07/07/2016;06/07/2016;DB5555;Z8719429;LCA;SOCIALLY RESPONSIBLE COLLECTION L A EUR;DB5555Z8719429
167;TA;SHS Net Inflow/Outflow;EUR;9363.17;9363.17;0;0;05/07/2016;06/07/2016;07/07/2016;06/07/2016;DB5555;Z8719429;SCA;SOCIALLY RESPONSIBLE COLLECTION S A EUR;DB5555Z8719429
168;TA;SHS Net Inflow/Outflow;EUR;589.3;589.3;0;0;05/07/2016;06/07/2016;07/07/2016;06/07/2016;DB5555;Z8719429;LHC;SOCIALLY RESPONSIBLE COLLECTION L HEDGED A EUR;DB5555Z8719429
169;TA;SHS Net Inflow/Outflow;EUR;5619.3;5619.3;0;0;05/07/2016;06/07/2016;07/07/2016;06/07/2016;DB5555;Z8719429;SHC;SOCIALLY RESPONSIBLE COLLECTION S HEDGED A EUR;DB5555Z8719429
16S;TA;SHS Net Inflow/Outflow;EUR;130825.13;130825.13;0;0;05/07/2016;06/07/2016;07/07/2016;06/07/2016;DB8815;Z8719429;SCA;CHALLENGE ITALIAN EQUITY S FUND A RETAIL CLASS;DB8815Z8997924
178;TA;SHS Net Inflow/Outflow;EUR;8600.98;8600.98;0;0;05/07/2016;06/07/2016;07/07/2016;06/07/2016;DB6214;Z8719429;LCA;FINANCIAL INCOME STRATEGY L A EURO;DB6214Z8719429
179;TA;SHS Net Inflow/Outflow;EUR;64483.92;64483.92;0;0;05/07/2016;06/07/2016;07/07/2016;06/07/2016;DB6214;Z8719429;LDI;FINANCIAL INCOME STRATEGY L B EURO;DB6214Z8719429
183;TA;SHS Net Inflow/Outflow;EUR;10279.74;10279.74;0;0;05/07/2016;06/07/2016;07/07/2016;06/07/2016;DB6214;Z8719429;SCA; FINANCIAL INCOME STRATEGY S A EURO;DB6214Z8719429
184;TA;SHS Net Inflow/Outflow;EUR;77605.07;77605.07;0;0;05/07/2016;06/07/2016;07/07/2016;06/07/2016;DB6214;Z8719429;SDI;FINANCIAL INCOME STRATEGY S B EURO;DB6214Z8719429
187;TA;SHS Net Inflow/Outflow;EUR;-18724.73;-18724.73;0;0;05/07/2016;06/07/2016;07/07/2016;06/07/2016;DB6215;Z8719429;LCA;EQUILIBRIUM L A EURO;DB6215Z8719429
188;TA;SHS Net Inflow/Outflow;EUR;-17559.17;-17559.17;0;0;05/07/2016;06/07/2016;07/07/2016;06/07/2016;DB6215;Z8719429;LDI;EQUILIBRIUM L B EURO;DB6215Z8719429
189;TA;SHS Net Inflow/Outflow;EUR;7464.16;7464.16;0;0;05/07/2016;06/07/2016;07/07/2016;06/07/2016;DB6215;Z8719429;LHC;EQUILIBRIUM L HEDGED A EURO;DB6215Z8719429
18S;TA;SHS Net Inflow/Outflow;EUR;3250.33;3250.33;0;0;05/07/2016;06/07/2016;07/07/2016;06/07/2016;DB8816;Z8719429;SCA;CHALLENGE EMERGING MARKETS EQUITY S FUND A RETAIL CLASS;DB8816Z8719429
190;TA;SHS Net Inflow/Outflow;EUR;-14751.85;-14751.85;0;0;05/07/2016;06/07/2016;07/07/2016;06/07/2016;DB6215;Z8719429;LHD;EQUILIBRIUM L HEDGED B EURO;DB6215Z8719429
191;TA;SHS Net Inflow/Outflow;EUR;29.84;29.84;0;0;05/07/2016;06/07/2016;07/07/2016;06/07/2016;DB6215;Z8719429;SCA;EQUILIBRIUM S A EURO;DB6215Z8719429
192;TA;SHS Net Inflow/Outflow;EUR;3552.92;3552.92;0;0;05/07/2016;06/07/2016;07/07/2016;06/07/2016;DB6215;Z8719429;SDI;EQUILIBRIUM S B EURO;DB6215Z8719429
193;TA;SHS Net Inflow/Outflow;EUR;-9507.91;-9507.91;0;0;05/07/2016;06/07/2016;07/07/2016;06/07/2016;DB6215;Z8719429;SHC;EQUILIBRIUM S HEDGED A EURO;DB6215Z8719429
194;TA;SHS Net Inflow/Outflow;EUR;-25412.6;-25412.6;0;0;05/07/2016;06/07/2016;07/07/2016;06/07/2016;DB6215;Z8719429;SHD;EQUILIBRIUM S HEDGED B EURO;DB6215Z8719429
22S;TA;SHS Net Inflow/Outflow;EUR;13911;13911;0;0;05/07/2016;06/07/2016;07/07/2016;06/07/2016;DB8818;Z8719429;SCA;CHALLENGE EURO BOND S FUND A RETAIL CLASS;DB8818Z9397076
23S;TA;SHS Net Inflow/Outflow;EUR;-950.41;-950.41;0;0;05/07/2016;06/07/2016;07/07/2016;06/07/2016;DB8818;Z8719429;SDI;CHALLENGE EURO BOND S FUND B RETAIL CLASS;DB8818Z9397076
24S;TA;SHS Net Inflow/Outflow;EUR;-643.76;-643.76;0;0;05/07/2016;06/07/2016;07/07/2016;06/07/2016;DB8819;Z8719429;SCA;CHALLENGE LIQUIDITY EURO S FUND A RETAIL CLASS;DB8819Z8719429
26S;TA;SHS Net Inflow/Outflow;EUR;-5117.53;-5117.53;0;0;05/07/2016;06/07/2016;07/07/2016;06/07/2016;DB8820;Z8719429;SCA;CHALLENGE EUROPEAN INCOME S FUND A RETAIL CLASS;DB8820Z9397076
27S;TA;SHS Net Inflow/Outflow;EUR;28470;28470;0;0;05/07/2016;06/07/2016;07/07/2016;06/07/2016;DB8820;Z8719429;SDI;CHALLENGE EUROPEAN INCOME S FUND B RETAIL CLASS;DB8820Z9397076
28S;TA;SHS Net Inflow/Outflow;EUR;-1000;-1000;0;0;05/07/2016;06/07/2016;07/07/2016;06/07/2016;DB5199;Z8719429;SHC;CHALLENGE INTERNATIONAL INCOME HEDGED S FUND A RETAIL CLASS;DB5199Z9397076
30S;TA;SHS Net Inflow/Outflow;EUR;-3500;-3500;0;0;05/07/2016;06/07/2016;07/07/2016;06/07/2016;DB5200;Z8719429;SHC;CHALLENGE INTERNATIONAL BOND HEDGED S FUND A RETAIL CLASS;DB5200Z9397076
32G;TA;SHS Net Inflow/Outflow;EUR;-20827.42;-20827.42;0;0;05/07/2016;06/07/2016;07/07/2016;06/07/2016;DB3014;Z8719429;LHC;US COLLECTION L FD A HEDGED;DB3014Z8719429
32H;TA;SHS Net Inflow/Outflow;EUR;3956;3956;0;0;05/07/2016;06/07/2016;07/07/2016;06/07/2016;DB3014;Z8719429;SHC;US COLLECTION S FD A HEDGED;DB3014Z8719429
32S;TA;SHS Net Inflow/Outflow;EUR;35328.46;35328.46;0;0;05/07/2016;06/07/2016;07/07/2016;06/07/2016;DB3014;Z8719429;SCA;US COLLECTION S FD A;DB3014Z8719429
33G;TA;SHS Net Inflow/Outflow;EUR;79020.38;79020.38;0;0;05/07/2016;06/07/2016;07/07/2016;06/07/2016;DB3018;Z8719429;LHC;EUROPEAN COLLECTION L FD A HED;DB3018Z8719429
33H;TA;SHS Net Inflow/Outflow;EUR;165755.05;165755.05;0;0;05/07/2016;06/07/2016;07/07/2016;06/07/2016;DB3018;Z8719429;SHC;EUROPEAN COLLECTION S FD A HED;DB3018Z8719429
33S;TA;SHS Net Inflow/Outflow;EUR;40727.37;40727.37;0;0;05/07/2016;06/07/2016;07/07/2016;06/07/2016;DB3018;Z8719429;SCA;EUROPEAN COLLECTION S FD A;DB3018Z8719429
34G;TA;SHS Net Inflow/Outflow;EUR;26515.95;26515.95;0;0;05/07/2016;06/07/2016;07/07/2016;06/07/2016;DB3017;Z8719429;LHC;PACIFIC COLLECTION L FD A HEDG;DB3017Z8719429
34H;TA;SHS Net Inflow/Outflow;EUR;339.48;339.48;0;0;05/07/2016;06/07/2016;07/07/2016;06/07/2016;DB3017;Z8719429;SHC;PACIFIC COLLECTION S FD A HEDG;DB3017Z8719429
34S;TA;SHS Net Inflow/Outflow;EUR;1271.95;1271.95;0;0;05/07/2016;06/07/2016;07/07/2016;06/07/2016;DB3017;Z8719429;SCA;PACIFIC COLLECTION S FD A;DB3017Z8719429
35S;TA;SHS Net Inflow/Outflow;EUR;29273.24;29273.24;0;0;05/07/2016;06/07/2016;07/07/2016;06/07/2016;DB3019;Z8719429;SCA;EMERGING MARKETS COLLECTION S FD A;DB3019Z8719429
38G;TA;SHS Net Inflow/Outflow;EUR;85976.01;85976.01;0;0;05/07/2016;06/07/2016;07/07/2016;06/07/2016;DB3015;Z8719429;LHC;GLOBAL HIGH YIELD L FD A HEDGED;DB3015Z8719429
38H;TA;SHS Net Inflow/Outflow;EUR;103323.17;103323.17;0;0;05/07/2016;06/07/2016;07/07/2016;06/07/2016;DB3015;Z8719429;SHC;GLOBAL HIGH YIELD S FD A HEDGED;DB3015Z8719429
38S;TA;SHS Net Inflow/Outflow;EUR;79732.07;79732.07;0;0;05/07/2016;06/07/2016;07/07/2016;06/07/2016;DB3015;Z8719429;SCA;GLOBAL HIGH YIELD S FD A;DB3015Z8719429
39G;TA;SHS Net Inflow/Outflow;EUR;159153.45;159153.45;0;0;05/07/2016;06/07/2016;07/07/2016;06/07/2016;DB3015;Z8719429;LHD;GLOBAL HIGH YIELD L FD B HEDGED;DB3015Z8719429
39H;TA;SHS Net Inflow/Outflow;EUR;656607.3;656607.3;0;0;05/07/2016;06/07/2016;07/07/2016;06/07/2016;DB3015;Z8719429;SHD;GLOBAL HIGH YIELD S FD B HEDGED;DB3015Z8719429
39S;TA;SHS Net Inflow/Outflow;EUR;92491.92;92491.92;0;0;05/07/2016;06/07/2016;07/07/2016;06/07/2016;DB3015;Z8719429;SDI;GLOBAL HIGH YIELD S FD B;DB3015Z8719429
40S;TA;SHS Net Inflow/Outflow;EUR;736.12;736.12;0;0;05/07/2016;06/07/2016;07/07/2016;06/07/2016;DB3020;Z8719429;S;GLOBAL TECH COLLECTION S FD A;DB3020Z8719429
43S;TA;SHS Net Inflow/Outflow;EUR;4443.13;4443.13;0;0;05/07/2016;06/07/2016;07/07/2016;06/07/2016;DB3896;Z8719429;SCA;CHALLENGE GERMAN EQUITY S FUND A RETAIL CLASS;DB3896Z8714205
45S;TA;SHS Net Inflow/Outflow;EUR;12580.42;12580.42;0;0;05/07/2016;06/07/2016;07/07/2016;06/07/2016;DB3888;Z8719429;SCA;CHALLENGE ENERGY EQUITY S FUND A RETAIL CLASS;DB3888Z8719429
46S;TA;SHS Net Inflow/Outflow;EUR;-7484.5;-7484.5;0;0;05/07/2016;06/07/2016;07/07/2016;06/07/2016;DB3789;Z8719429;SCA;CHALLENGE CYCLICAL EQUITY S FUND A RETAIL CLASS;DB3789Z8719429
49S;TA;SHS Net Inflow/Outflow;EUR;8132.89;8132.89;0;0;05/07/2016;06/07/2016;07/07/2016;06/07/2016;DB3784;Z8719429;SCA;CHALLENGE COUNTER CYCLICAL EQUITY S FUND A RETAIL CLASS;DB3784Z8719429
50S;TA;SHS Net Inflow/Outflow;EUR;90406.37;90406.37;0;0;05/07/2016;06/07/2016;07/07/2016;06/07/2016;DB3787;Z8719429;SCA;CHALLENGE FINANCIAL EQUITY S FUND A RETAIL CLASS;DB3787Z8719429
52S;TA;SHS Net Inflow/Outflow;EUR;-13949.46;-13949.46;0;0;05/07/2016;06/07/2016;07/07/2016;06/07/2016;DB3785;Z8719429;SCA;CHALLENGE TECHNOLOGY EQUITY S FUND A RETAIL CLASS;DB3785Z8719429
53S;TA;SHS Net Inflow/Outflow;EUR;-120475.81;-120475.81;0;0;05/07/2016;06/07/2016;07/07/2016;06/07/2016;DB3890;Z8719429;SCA;CHALLENGE LIQUIDITY US DOLLAR S FUND A RETAIL CLASS;DB3890Z9397076
65S;TA;SHS Net Inflow/Outflow;EUR;49097.81;49097.81;0;0;05/07/2016;06/07/2016;07/07/2016;06/07/2016;DB4223;Z8719429;SCA;CHALLENGE INTERNATIONAL EQUITY S FUND A RETAIL CLASS;DB4223Z8719429
66S;TA;SHS Net Inflow/Outflow;EUR;1460.39;1460.39;0;0;05/07/2016;06/07/2016;07/07/2016;06/07/2016;DB4221;Z8719429;SCA;CHALLENGE SPAIN EQUITY S FUND A RETAIL CLASS;DB4221Z5965004
72S;TA;SHS Net Inflow/Outflow;EUR;-1607.28;-1607.28;0;0;05/07/2016;06/07/2016;07/07/2016;06/07/2016;DB2374;Z8719429;SCA;CHALLENGE FLEXIBLE FUND S CLASS;DB2374Z8719429
73S;TA;SHS Net Inflow/Outflow;EUR;-184517.42;-184517.42;0;0;05/07/2016;06/07/2016;07/07/2016;06/07/2016;DB2376;Z8719429;SCA;CHALLENGE SOLIDITY AND RETURN S;DB2376Z8719429
74S;TA;SHS Net Inflow/Outflow;EUR;-167726.39;-167726.39;0;0;05/07/2016;06/07/2016;07/07/2016;06/07/2016;DB2376;Z8719429;SDI;CHALLENGE SOLIDITY AND RETURN S B UNI;DB2376Z8719429
80S;TA;SHS Net Inflow/Outflow;EUR;9990;9990;0;0;05/07/2016;06/07/2016;07/07/2016;06/07/2016;DB8812;Z8719429;SHC;CHALLENGE North American Equity Fund S Hedged;DB8812Z8719429
81S;TA;SHS Net Inflow/Outflow;EUR;14718.33;14718.33;0;0;05/07/2016;06/07/2016;07/07/2016;06/07/2016;DB8813;Z8719429;SHC;CHALLENGE European Equity Fund S Hedged;DB8813Z8719429
82S;TA;SHS Net Inflow/Outflow;EUR;-13430.63;-13430.63;0;0;05/07/2016;06/07/2016;07/07/2016;06/07/2016;DB8814;Z8719429;SHC;CHALLENGE Pacific Equity Fund S Hedged;DB8814Z8719429
84S;TA;SHS Net Inflow/Outflow;EUR;18031.65;18031.65;0;0;05/07/2016;06/07/2016;07/07/2016;06/07/2016;DB5199;Z8719429;SDI;CHALLENGE International Income Fund S - B Units;DB5199Z9397076
85S;TA;SHS Net Inflow/Outflow;EUR;-1005;-1005;0;0;05/07/2016;06/07/2016;07/07/2016;06/07/2016;DB5200;Z8719429;SCA;CHALLENGE International Bond Fund S - A Units;DB5200Z9397076
86S;TA;SHS Net Inflow/Outflow;EUR;24864.25;24864.25;0;0;05/07/2016;06/07/2016;07/07/2016;06/07/2016;DB5200;Z8719429;SDI;CHALLENGE International Bond Fund S - B Units;DB5200Z9397076
87S;TA;SHS Net Inflow/Outflow;EUR;15851.66;15851.66;0;0;05/07/2016;06/07/2016;07/07/2016;06/07/2016;DB4223;Z8719429;SHC;CHALLENGE International Equity Fund S Hedged;DB4223Z8719429
89G;TA;SHS Net Inflow/Outflow;EUR;3563.64;3563.64;0;0;05/07/2016;06/07/2016;07/07/2016;06/07/2016;DB4210;Z8719429;LHC;DYNAMIC COLLECTION L FD A HEDG;DB4210Z8719429
89H;TA;SHS Net Inflow/Outflow;EUR;-27126.4;-27126.4;0;0;05/07/2016;06/07/2016;07/07/2016;06/07/2016;DB4210;Z8719429;SHC;DYNAMIC COLLECTION S FD A HEDG;DB4210Z8719429
90S;TA;SHS Net Inflow/Outflow;EUR;1964260.19;1964260.19;0;0;05/07/2016;06/07/2016;07/07/2016;06/07/2016;DB4213;Z8719429;SCA;EURO FIXED INCOME S FD A;DB4213Z8942010
91S;TA;SHS Net Inflow/Outflow;EUR;263465.29;263465.29;0;0;05/07/2016;06/07/2016;07/07/2016;06/07/2016;DB4213;Z8719429;SDI;EURO FIXED INCOME S FD B;DB4213Z8942010
92S;TA;SHS Net Inflow/Outflow;EUR;3307.34;3307.34;0;0;05/07/2016;06/07/2016;07/07/2016;06/07/2016;DB4210;Z8719429;SCA;DYNAMIC COLLECTION S FD A;DB4210Z8719429
93G;TA;SHS Net Inflow/Outflow;EUR;-23984.8;-23984.8;0;0;05/07/2016;06/07/2016;07/07/2016;06/07/2016;DB4211;Z8719429;LHC;EQUITY POWER COUPONCOLLECTION L FD A H;DB4211Z8719429
93H;TA;SHS Net Inflow/Outflow;EUR;39304.48;39304.48;0;0;05/07/2016;06/07/2016;07/07/2016;06/07/2016;DB4211;Z8719429;SHC;EQUITY POWER COUPONCOLLECTION S FD A H;DB4211Z8719429
93S;TA;SHS Net Inflow/Outflow;EUR;15587.78;15587.78;0;0;05/07/2016;06/07/2016;07/07/2016;06/07/2016;DB4211;Z8719429;SCA;EQUITY POWER COUPONCOLLECTION S FD A;DB4211Z8719429
95G;TA;SHS Net Inflow/Outflow;EUR;20890.24;20890.24;0;0;05/07/2016;06/07/2016;07/07/2016;06/07/2016;DB5033;Z8719429;LHC;JP MORGAN GLOBAL SELECTION L FD A HEDGED;DB5033Z8719429
95H;TA;SHS Net Inflow/Outflow;EUR;71317.77;71317.77;0;0;05/07/2016;06/07/2016;07/07/2016;06/07/2016;DB5033;Z8719429;SHC;JP MORGAN GLOBAL SELECTION S FD A HEDGED;DB5033Z8719429
95S;TA;SHS Net Inflow/Outflow;EUR;3270.79;3270.79;0;0;05/07/2016;06/07/2016;07/07/2016;06/07/2016;DB5033;Z8719429;SCA;JP MORGAN GLOBAL SELECTION S FD A;DB5033Z8719429
96G;TA;SHS Net Inflow/Outflow;EUR;70073.97;70073.97;0;0;05/07/2016;06/07/2016;07/07/2016;06/07/2016;DB5034;Z8719429;LHC;MORGAN STANLEY GLOBAL SELECTION L FD A HEDGED;DB5034Z8719429
96H;TA;SHS Net Inflow/Outflow;EUR;140190.32;140190.32;0;0;05/07/2016;06/07/2016;07/07/2016;06/07/2016;DB5034;Z8719429;SHC;MORGAN STANLEY GLOBAL SELECTION S FD A HEDGED;DB5034Z8719429
96S;TA;SHS Net Inflow/Outflow;EUR;125880.92;125880.92;0;0;05/07/2016;06/07/2016;07/07/2016;06/07/2016;DB5034;Z8719429;SCA;MORGAN STANLEY GLOBAL SELECTION S FD A;DB5034Z8719429
97G;TA;SHS Net Inflow/Outflow;EUR;33200.54;33200.54;0;0;05/07/2016;06/07/2016;07/07/2016;06/07/2016;DB5032;Z8719429;LHC;BLACKROCK GLOBAL SELECTION L FD A HEDGED;DB5032Z8719429
97H;TA;SHS Net Inflow/Outflow;EUR;23856.81;23856.81;0;0;05/07/2016;06/07/2016;07/07/2016;06/07/2016;DB5032;Z8719429;SHC;BLACKROCK GLOBAL SELECTION S FD A HEDGED;DB5032Z8719429
97S;TA;SHS Net Inflow/Outflow;EUR;67900.02;67900.02;0;0;05/07/2016;06/07/2016;07/07/2016;06/07/2016;DB5032;Z8719429;SCA;BLACKROCK GLOBAL SELECTION S FD A;DB5032Z8719429
98G;TA;SHS Net Inflow/Outflow;EUR;45685.15;45685.15;0;0;05/07/2016;06/07/2016;07/07/2016;06/07/2016;DB5108;Z8719429;LHC;PREMIUM COUPON  COLLECTION L FD A HEDGED;DB5108Z8719429
98H;TA;SHS Net Inflow/Outflow;EUR;92995.25;92995.25;0;0;05/07/2016;06/07/2016;07/07/2016;06/07/2016;DB5108;Z8719429;SHC;PREMIUM COUPON  COLLECTION S FD A HED;DB5108Z8719429
98P;TA;SHS Net Inflow/Outflow;EUR;67602.44;67602.44;0;0;05/07/2016;06/07/2016;07/07/2016;06/07/2016;DB5108;Z8719429;LDI;MEDIOLANUM PREMIUM COUPON  COLLECTION L - B;DB5108Z8719429
98Q;TA;SHS Net Inflow/Outflow;EUR;-23849.37;-23849.37;0;0;05/07/2016;06/07/2016;07/07/2016;06/07/2016;DB5108;Z8719429;SHD;MEDIOLANUM PREMIUM COUPON  COLLECTION S HEDGED  B;DB5108Z8719429
98S;TA;SHS Net Inflow/Outflow;EUR;17065.68;17065.68;0;0;05/07/2016;06/07/2016;07/07/2016;06/07/2016;DB5108;Z8719429;SCA;PREMIUM COUPON  COLLECTION S FD A;DB5108Z8719429
98Y;TA;SHS Net Inflow/Outflow;EUR;-33001.92;-33001.92;0;0;05/07/2016;06/07/2016;07/07/2016;06/07/2016;DB5108;Z8719429;LHD;MEDIOLANUM PREMIUM COUPON  COLLECTION L HEDGED -B;DB5108Z8719429
98Z;TA;SHS Net Inflow/Outflow;EUR;-118155.98;-118155.98;0;0;05/07/2016;06/07/2016;07/07/2016;06/07/2016;DB5108;Z8719429;SDI;MEDIOLANUM PREMIUM COUPON  COLLECTION S-B;DB5108Z8719429
99G;TA;SHS Net Inflow/Outflow;EUR;2533.18;2533.18;0;0;05/07/2016;06/07/2016;07/07/2016;06/07/2016;DB3020;Z8719429;LHC;MEDIOLANUM  GLOBAL TECH L CLASS HEDGE;DB3020Z8719429
99H;TA;SHS Net Inflow/Outflow;EUR;5475;5475;0;0;05/07/2016;06/07/2016;07/07/2016;06/07/2016;DB3020;Z8719429;SHC;MEDIOLANUM  GLOBAL TECH S  CLASS HEDGE;DB3020Z8719429
EP1;TA;SHS Net Inflow/Outflow;EUR;25660.37;25660.37;0;0;05/07/2016;06/07/2016;07/07/2016;06/07/2016;DB4211;Z8719429;LDI;EQUITY POWER COUPON COLLECTION L B EUR;DB4211Z8719429
EP2;TA;SHS Net Inflow/Outflow;EUR;-18749.8;-18749.8;0;0;05/07/2016;06/07/2016;07/07/2016;06/07/2016;DB4211;Z8719429;LHD;EQUITY POWER COUPON COLLECTION L HDGD B EUR;DB4211Z8719429
EP3;TA;SHS Net Inflow/Outflow;EUR;6046.41;6046.41;0;0;05/07/2016;06/07/2016;07/07/2016;06/07/2016;DB4211;Z8719429;SDI;EQUITY POWER COUPON COLLECTION S B EUR;DB4211Z8719429
EP4;TA;SHS Net Inflow/Outflow;EUR;159624.39;159624.39;0;0;05/07/2016;06/07/2016;07/07/2016;06/07/2016;DB4211;Z8719429;SHD;EQUITY POWER COUPON COLLECTION S B HDGD EUR;DB4211Z8719429
MD1;TA;SHS Net Inflow/Outflow;EUR;75563.92;75563.92;0;0;05/07/2016;06/07/2016;07/07/2016;06/07/2016;DB6342;Z8719429;LCA;MEDIOLANUM DYNAMIC INTERNATIONAL VALUE OPP L A EURO;DB6342Z8997924 
MD2;TA;SHS Net Inflow/Outflow;EUR;127031.07;127031.07;0;0;05/07/2016;06/07/2016;07/07/2016;06/07/2016;DB6342;Z8719429;LHC;MEDIOLANUM DYNAMIC INTERNATIONAL VALUE OPP L HEDGED A EURO;DB6342Z8997924 
MD3;TA;SHS Net Inflow/Outflow;EUR;143069.2;143069.2;0;0;05/07/2016;06/07/2016;07/07/2016;06/07/2016;DB6342;Z8719429;SCA;MEDIOLANUM DYNAMIC INTERNATIONAL VALUE OPP S A EURO;DB6342Z8997924 
MD4;TA;SHS Net Inflow/Outflow;EUR;230029.83;230029.83;0;0;05/07/2016;06/07/2016;07/07/2016;06/07/2016;DB6342;Z8719429;SHC;MEDIOLANUM DYNAMIC INTERNATIONAL VALUE OPP S HEDGED A EURO;DB6342Z8997924 
MF2;TA;SHS Net Inflow/Outflow;EUR;25993.53;25993.53;0;0;05/07/2016;06/07/2016;07/07/2016;06/07/2016;DB6329;Z8719429;LCA;MEDIOLANUM FIDELITY ASIAN COUPON SELECTION L A EURO;DB6329Z8719429
MF3;TA;SHS Net Inflow/Outflow;EUR;91562.49;91562.49;0;0;05/07/2016;06/07/2016;07/07/2016;06/07/2016;DB6329;Z8719429;LDI;MEDIOLANUM FIDELITY ASIAN COUPON SELECTION L B EURO;DB6329Z8719429
MF4;TA;SHS Net Inflow/Outflow;EUR;10707.06;10707.06;0;0;05/07/2016;06/07/2016;07/07/2016;06/07/2016;DB6329;Z8719429;LHC;MEDIOLANUM FIDELITY ASIAN COUPON SELECTION L HEDGED A EURO;DB6329Z8719429
MF5;TA;SHS Net Inflow/Outflow;EUR;14993.87;14993.87;0;0;05/07/2016;06/07/2016;07/07/2016;06/07/2016;DB6329;Z8719429;LHD;MEDIOLANUM FIDELITY ASIAN COUPON SELECTION L HEDGED B EURO;DB6329Z8719429
MF6;TA;SHS Net Inflow/Outflow;EUR;18209.44;18209.44;0;0;05/07/2016;06/07/2016;07/07/2016;06/07/2016;DB6329;Z8719429;SCA;MEDIOLANUM FIDELITY ASIAN COUPON SELECTION S A EURO;DB6329Z8719429
MF7;TA;SHS Net Inflow/Outflow;EUR;103799.02;103799.02;0;0;05/07/2016;06/07/2016;07/07/2016;06/07/2016;DB6329;Z8719429;SDI;MEDIOLANUM FIDELITY ASIAN COUPON SELECTION S B EURO;DB6329Z8719429
MF8;TA;SHS Net Inflow/Outflow;EUR;18036.62;18036.62;0;0;05/07/2016;06/07/2016;07/07/2016;06/07/2016;DB6329;Z8719429;SHC;MEDIOLANUM FIDELITY ASIAN COUPON SELECTION S HEDGED A EURO;DB6329Z8719429
MF9;TA;SHS Net Inflow/Outflow;EUR;97535.41;97535.41;0;0;05/07/2016;06/07/2016;07/07/2016;06/07/2016;DB6329;Z8719429;SHD;MEDIOLANUM FIDELITY ASIAN COUPON SELECTION S HEDGED B EURO;DB6329Z8719429
ML2;TA;SHS Net Inflow/Outflow;EUR;110947.86;110947.86;0;0;05/07/2016;06/07/2016;07/07/2016;06/07/2016;DB6327;Z8719429;LCA;MEDIOLANUM LONG SHORT STRATEGY COLLECTION L A EURO;DB6327Z8719429
ML3;TA;SHS Net Inflow/Outflow;EUR;168121.19;168121.19;0;0;05/07/2016;06/07/2016;07/07/2016;06/07/2016;DB6327;Z8719429;SCA;MEDIOLANUM LONG SHORT STRATEGY COLLECTION S A EURO;DB6327Z8719429
MS2;TA;SHS Net Inflow/Outflow;EUR;52838.29;52838.29;0;0;05/07/2016;06/07/2016;07/07/2016;06/07/2016;DB6330;Z8719429;LCA;MEDIOLANUM EUROPEAN COUPON STRATEGY COLLECTION L A EURO;DB6330Z8719429
MS3;TA;SHS Net Inflow/Outflow;EUR;152605.83;152605.83;0;0;05/07/2016;06/07/2016;07/07/2016;06/07/2016;DB6330;Z8719429;LDI;MEDIOLANUM EUROPEAN COUPON STRATEGY COLLECTION L B EURO;DB6330Z8719429
MS4;TA;SHS Net Inflow/Outflow;EUR;56355.72;56355.72;0;0;05/07/2016;06/07/2016;07/07/2016;06/07/2016;DB6330;Z8719429;LHC;MEDIOLANUM EUROPEAN COUPON STRATEGY COLLECTION L HDG A EURO;DB6330Z8719429
MS5;TA;SHS Net Inflow/Outflow;EUR;29806.14;29806.14;0;0;05/07/2016;06/07/2016;07/07/2016;06/07/2016;DB6330;Z8719429;LHD;MEDIOLANUM EUROPEAN COUPON STRATEGY COLLECTION L HDG B EURO;DB6330Z8719429
MS6;TA;SHS Net Inflow/Outflow;EUR;24567.6;24567.6;0;0;05/07/2016;06/07/2016;07/07/2016;06/07/2016;DB6330;Z8719429;SCA;MEDIOLANUM EUROPEAN COUPON STRATEGY COLLECTION S A EURO;DB6330Z8719429
MS7;TA;SHS Net Inflow/Outflow;EUR;65274.7;65274.7;0;0;05/07/2016;06/07/2016;07/07/2016;06/07/2016;DB6330;Z8719429;SDI;MEDIOLANUM EUROPEAN COUPON STRATEGY COLLECTION S B EURO;DB6330Z8719429
MS8;TA;SHS Net Inflow/Outflow;EUR;48514.56;48514.56;0;0;05/07/2016;06/07/2016;07/07/2016;06/07/2016;DB6330;Z8719429;SHC;MEDIOLANUM EUROPEAN COUPON STRATEGY COLLECTION S HDG A EURO;DB6330Z8719429
MS9;TA;SHS Net Inflow/Outflow;EUR;209544.39;209544.39;0;0;05/07/2016;06/07/2016;07/07/2016;06/07/2016;DB6330;Z8719429;SHD;MEDIOLANUM EUROPEAN COUPON STRATEGY COLLECTION S HDG B EURO;DB6330Z8719429
MU2;TA;SHS Net Inflow/Outflow;EUR;11430.78;11430.78;0;0;05/07/2016;06/07/2016;07/07/2016;06/07/2016;DB6331;Z8719429;LCA;MEDIOLANUM US COUPON STRATEGY COLLECTION L A EURO;DB6331Z8719429
MU3;TA;SHS Net Inflow/Outflow;EUR;47535.09;47535.09;0;0;05/07/2016;06/07/2016;07/07/2016;06/07/2016;DB6331;Z8719429;LDI;MEDIOLANUM US COUPON STRATEGY COLLECTION L B EURO;DB6331Z8719429
MU4;TA;SHS Net Inflow/Outflow;EUR;16994.1;16994.1;0;0;05/07/2016;06/07/2016;07/07/2016;06/07/2016;DB6331;Z8719429;LHC;MEDIOLANUM US COUPON STRATEGY COLLECTION L HEDGED A EURO;DB6331Z8719429
MU5;TA;SHS Net Inflow/Outflow;EUR;15314.27;15314.27;0;0;05/07/2016;06/07/2016;07/07/2016;06/07/2016;DB6331;Z8719429;LHD;MEDIOLANUM US COUPON STRATEGY COLLECTION L HEDGED B EURO;DB6331Z8719429
MU6;TA;SHS Net Inflow/Outflow;EUR;28552.2;28552.2;0;0;05/07/2016;06/07/2016;07/07/2016;06/07/2016;DB6331;Z8719429;SCA;MEDIOLANUM US COUPON STRATEGY COLLECTION S A EURO;DB6331Z8719429
MU7;TA;SHS Net Inflow/Outflow;EUR;193201.95;193201.95;0;0;05/07/2016;06/07/2016;07/07/2016;06/07/2016;DB6331;Z8719429;SDI;MEDIOLANUM US COUPON STRATEGY COLLECTION S B EURO;DB6331Z8719429
MU8;TA;SHS Net Inflow/Outflow;EUR;59077.44;59077.44;0;0;05/07/2016;06/07/2016;07/07/2016;06/07/2016;DB6331;Z8719429;SHC;MEDIOLANUM US COUPON STRATEGY COLLECTION S HEDGED A EURO;DB6331Z8719429
MU9;TA;SHS Net Inflow/Outflow;EUR;115159.75;115159.75;0;0;05/07/2016;06/07/2016;07/07/2016;06/07/2016;DB6331;Z8719429;SHD;MEDIOLANUM US COUPON STRATEGY COLLECTION S HEDGED B EURO;DB6331Z8719429
PLB;TA;SHS Net Inflow/Outflow;EUR;-6205.19;-6205.19;0;0;05/07/2016;06/07/2016;07/07/2016;06/07/2016;DB5356;Z8719429;LDI;PIMCO INFLATION STRATEGY SELECTION L(B) EUR;DB5356Z5970552
PSB;TA;SHS Net Inflow/Outflow;EUR;-102293.35;-102293.35;0;0;05/07/2016;06/07/2016;07/07/2016;06/07/2016;DB5356;Z8719429;SDI;PIMCO INFLATION STRATEGY SELECTION S(B) EUR;DB5356Z5970552
